screen,slug,path,roles,status,repo_calls,states,signals,ls_keys,loc
001,splash,/,public,Static,0,none,localStorage,aiec.hasLaunched aiec.lastVersion,433
002,login,/login,public,Real (in-memory),7,none,discloses-stand-in,,644
003,otp,/login/otp,public,Real (in-memory),4,none,-,,565
004,role-select,/onboarding/role,public,Real (in-memory),7,Loading+Error+Empty,localStorage,aiec.pendingRoleSelection,636
005,onboard-surveyor,/onboarding/surveyor,public,Real (in-memory),5,Loading+Error,discloses-stand-in,,800
006,onboard-technician,/onboarding/technician,public,Real (in-memory),6,none,-,,820
007,onboard-supplier,/onboarding/supplier,public,Real (in-memory),4,none,discloses-stand-in,,966
008,onboard-customer,/onboarding/customer,public,Real (in-memory),7,Loading+Error,-,,694
009,forgot-password,/forgot-password,public,Real (in-memory),8,none,-,,802
010,permissions-primer,/onboarding/permissions,public,Real (in-memory),4,none,localStorage,aiec.permissionsPrimerShown aiec.permissionsPrimerShownAt,608
011,live-map,/admin/map,admin,Real (in-memory),5,Loading+Error,localStorage;discloses-stand-in,aiec.mapFilters,940
012,activity-feed,/admin/activity,admin,Real (in-memory),4,Loading+Error+Empty,-,,665
013,track-surveyor,/admin/tracking/surveyor/:userId,admin,Real (in-memory),6,Loading+Error+Empty,-,,707
014,track-technician,/admin/tracking/technician/:userId,admin,Real (in-memory),5,Loading+Error+Empty,discloses-stand-in,,902
015,territories,/admin/territories,admin,Real (in-memory),9,Loading+Error+Empty,-,,758
016,heatmap,/admin/heatmap,admin,Real (in-memory),5,Loading+Error+Empty,-,,547
017,site-visit-verify,/admin/site-visits,admin,Real (in-memory),5,Loading+Error+Empty,discloses-stand-in,,724
018,map-filters,/admin/map/filters,admin,Real (in-memory),9,none,localStorage,aiec.mapFilters,510
019,escalation,/admin/escalations,admin,Real (in-memory),5,Loading+Error+Empty,discloses-stand-in,,682
020,route-optimize,/admin/routes,admin,Real (in-memory),9,Loading+Error+Empty,-,,709
021,exec-kpi,/admin,admin,Real (in-memory),4,Loading+Error,-,,558
022,funnel,/admin/analytics/funnel,admin,Real (in-memory),4,Loading+Error,-,,554
023,revenue,/admin/analytics/revenue,admin,Real (in-memory),7,Loading+Error,-,,580
024,leaderboard,/admin/analytics/leaderboard,admin,Real (in-memory),12,Loading+Error+Empty,discloses-stand-in,,694
025,region-conversion,/admin/analytics/conversion,admin,Real (in-memory),7,Loading+Error+Empty,-,,524
026,supplier-score,/admin/analytics/suppliers,admin,Real (in-memory),6,Loading+Error+Empty,discloses-stand-in,,590
027,automation-health,/admin/analytics/automation,admin,Real (in-memory),5,Loading+Error+Empty,discloses-stand-in,,537
028,finance,/admin/analytics/finance,admin,Real (in-memory),6,Loading+Error,discloses-stand-in,,620
029,alerts-board,/admin/alerts,admin,Real (in-memory),13,Loading+Error+Empty,-,,644
030,report-builder,/admin/reports,admin,Real (in-memory),16,Loading+Error,discloses-stand-in,,735
031,surveyor-home,/surveyor,surveyor,Real (in-memory),5,Loading+Error,localStorage,aiec.lastSyncedAt,468
032,capture-gps,/surveyor/capture,surveyor,Real (in-memory),2,none,discloses-stand-in,,522
033,capture-contact,/surveyor/capture/contact,surveyor,Real (in-memory),9,none,-,,595
034,capture-spec,/surveyor/capture/spec,surveyor,Real (in-memory),10,none,-,,614
035,capture-duplicate,/surveyor/capture/duplicate,surveyor,Real (in-memory),4,Loading+Error,-,,504
036,capture-confirm,/surveyor/capture/confirm,surveyor,Real (in-memory),3,none,localStorage,aiec.queuedLeadSubmissions,545
037,my-leads,/surveyor/leads,surveyor,Real (in-memory),5,Loading+Error+Empty,discloses-stand-in,,487
038,commission-tracker,/surveyor/earnings,surveyor,Real (in-memory),3,Loading+Error+Empty,discloses-stand-in,,573
039,route-plan,/surveyor/route,surveyor,Real (in-memory),5,Loading+Error+Empty,-,,516
040,surveyor-performance,/surveyor/performance,surveyor,Real (in-memory),4,Loading+Error,discloses-stand-in,,475
041,lead-inbox,/admin/leads,admin,Real (in-memory),14,Loading+Error+Empty,discloses-stand-in,,1016
042,lead-detail,/admin/leads/:leadId,admin,Real (in-memory),16,Loading+Error+Empty,discloses-stand-in,,1038
043,lead-kanban,/admin/leads/pipeline,admin,Real (in-memory),7,Loading+Error,-,,406
044,lead-assignment,/admin/leads/assignment,admin,Real (in-memory),10,Loading+Error+Empty,discloses-stand-in,,646
045,duplicate-merge,/admin/leads/duplicates,admin,Real (in-memory),7,Loading+Error+Empty,-,,440
046,lead-scoring,/admin/leads/scoring,admin,Real (in-memory),7,Loading+Error+Empty,-,,454
047,followup-scheduler,/admin/leads/follow-ups,admin,Real (in-memory),15,Loading+Error+Empty,-,,674
048,lead-source-attribution,/admin/leads/attribution,admin,Real (in-memory),2,Loading+Error+Empty,-,,240
049,lost-lead,/admin/leads/:leadId/lost,admin,Real (in-memory),8,Loading+Error+Empty,discloses-stand-in,,535
050,lead-import-export,/admin/leads/import-export,admin,Real (in-memory),9,none,-,,710
051,comm-templates,/admin/comm/templates,admin,Real (in-memory),14,Loading+Error+Empty,discloses-stand-in,,788
052,sequence-builder,/admin/comm/sequences,admin,Real (in-memory),18,Loading+Error+Empty,discloses-stand-in,,925
053,whatsapp-console,/admin/comm/whatsapp,admin,Real (in-memory),14,Loading+Error+Empty,discloses-stand-in,,547
054,call-log,/admin/comm/calls,admin,Real (in-memory),9,Loading+Error+Empty,-,,536
055,sms-broadcast,/admin/comm/broadcast,admin,Real (in-memory),14,Loading+Error+Empty,discloses-stand-in,,802
056,ai-bot-config,/admin/comm/bot,admin,Real (in-memory),11,Loading+Error,discloses-stand-in,,639
057,reply-inbox,/admin/comm/inbox,admin,Real (in-memory),10,Loading+Error+Empty,-,,449
058,opt-out-manager,/admin/comm/opt-outs,admin,Real (in-memory),6,Loading+Error+Empty,discloses-stand-in,,574
059,trigger-rules,/admin/comm/trigger-rules,admin,Real (in-memory),16,Loading+Error+Empty,-,,817
060,comm-analytics,/admin/comm/analytics,admin,Real (in-memory),2,Loading+Error,-,,408
061,quotation-generator,/admin/quotes,admin,Real (in-memory),11,Loading+Error+Empty,-,,744
062,cost-breakdown,/admin/quotes/:quotationId/cost,admin,Real (in-memory),10,Loading+Error,-,,554
063,quotation-template,/admin/quotes/templates,admin,Real (in-memory),6,Loading+Error,-,,428
064,quotation-preview,/admin/quotes/:quotationId/preview,admin,Real (in-memory),10,Loading+Error,-,,550
065,package-comparison,/admin/quotes/compare,admin,Real (in-memory),8,Loading+Error+Empty,-,,473
066,quotation-history,/admin/quotes/history,admin,Real (in-memory),7,Loading+Error+Empty,-,,506
067,discount-approval,/admin/quotes/discounts,admin,Real (in-memory),15,Loading+Error+Empty,-,,674
068,quotation-send,/admin/quotes/:quotationId/send,admin,Real (in-memory),12,Loading+Error+Empty,-,,753
069,quotation-analytics,/admin/quotes/analytics,admin,Real (in-memory),7,Loading+Error+Empty,-,,620
070,pricing-config,/admin/quotes/pricing,admin,Real (in-memory),15,Loading+Error,-,,849
071,negotiation-bot-config,/admin/deals/bot-config,admin,Real (in-memory),14,Loading+Error+Empty,-,,810
072,negotiation-thread,/admin/deals/:negotiationId/thread,admin,Real (in-memory),7,Loading+Error+Empty,discloses-stand-in,,544
073,counter-offer-approval,/admin/deals/counter-offers,admin,Real (in-memory),10,Loading+Error+Empty,-,,536
074,deal-terms-finalization,/admin/deals/:dealId/terms,admin,Real (in-memory),13,Loading+Error,discloses-stand-in,,760
075,contract-generator,/admin/deals/:dealId/contract,admin,Real (in-memory),7,Loading+Error+Empty,-,,598
076,esignature-capture,/admin/deals/:dealId/signature,admin,Real (in-memory),8,Loading+Error+Empty,discloses-stand-in,,720
077,deal-closure-confirmation,/admin/deals/:dealId/closure,admin,Real (in-memory),8,Loading+Error+Empty,-,,582
078,objection-scripts,/admin/deals/objection-scripts,admin,Real (in-memory),18,Loading+Error+Empty,discloses-stand-in,,998
079,competitor-battlecards,/admin/deals/battlecards,admin,Real (in-memory),17,Loading+Error+Empty,discloses-stand-in,,791
080,deal-won-celebration,/deals/:dealId/celebration,admin+surveyor,Real (in-memory),6,Loading+Error+Empty,discloses-stand-in,,490
081,payment-schedule-setup,/admin/deals/:dealId/schedule,admin,Real (in-memory),10,Loading+Error+Empty,-,,812
082,payment-collection-dashboard,/admin/analytics/collections,admin,Real (in-memory),20,Loading+Error+Empty,discloses-stand-in,,970
083,payment-reminder-config,/admin/analytics/collections/reminders,admin,Real (in-memory),19,Loading+Error,discloses-stand-in,,966
084,payment-gateway-checkout,/customer/payments/:paymentId/checkout,customer,Real (in-memory),5,Loading+Error+Empty,discloses-stand-in,,569
085,loan-emi-application,/customer/deals/:dealId/loan-application,customer,Real (in-memory),5,Loading+Error+Empty,-,,959
086,loan-partner-integration-status,/admin/analytics/financing,admin,Real (in-memory),10,Loading+Error+Empty,-,,661
087,invoice-generator,/deals/:dealId/invoices,admin+customer,Real (in-memory),15,Loading+Error+Empty,discloses-stand-in,,813
088,payment-receipt-history,/payments/history,admin+customer,Real (in-memory),9,Loading+Error+Empty,-,,654
089,overdue-payment-escalation,/admin/analytics/collections/escalation,admin,Real (in-memory),14,Loading+Error+Empty,discloses-stand-in,,740
090,refund-dispute-management,/admin/analytics/collections/disputes,admin,Real (in-memory),12,Loading+Error+Empty,-,,779
091,supplier-directory,/admin/suppliers,admin,Real (in-memory),29,Loading+Error+Empty,discloses-stand-in,,1319
092,purchase-order-generator,/admin/deals/:dealId/purchase-orders,admin,Real (in-memory),18,Loading+Error+Empty,-,,802
093,supplier-catalog,/catalog,admin+supplier,Real (in-memory),33,Loading+Error+Empty,discloses-stand-in,,1927
094,auto-po-rules,/admin/suppliers/po-rules,admin,Real (in-memory),13,Loading+Error,discloses-stand-in,,1063
095,supplier-orders,/orders,admin+supplier,Real (in-memory),14,Loading+Error+Empty,discloses-stand-in,,932
096,production-status,/orders/production/:recordId,admin+supplier,Real (in-memory),17,Loading+Error+Empty,discloses-stand-in,,985
097,supplier-scorecard,/scorecard,admin+supplier,Real (in-memory),27,Loading+Error+Empty,discloses-stand-in,,1287
098,supplier-agreement,/agreement,admin+supplier,Real (in-memory),15,Loading+Error+Empty,-,,1273
099,supplier-messages,/supplier-messages,admin+supplier,Real (in-memory),29,Loading+Error+Empty,discloses-stand-in,,1490
100,supplier-payment-terms,/admin/suppliers/payment-terms,admin,Real (in-memory),16,Loading+Error+Empty,-,,1159
101,delivery-scheduling,/deliveries,admin+supplier,Real (in-memory),39,Loading+Error+Empty,-,,2031
102,shipment-tracking,/shipments,admin+customer+technician+supplier,Real (in-memory),18,Loading+Error+Empty,-,,1303
103,delivery-checklist,/delivery-checklist,admin+technician,Real (in-memory),20,Loading+Error+Empty,localStorage,aiec.sopSeen,1589
104,delivery-confirmation,/delivery-confirmation,admin+technician+customer,Real (in-memory),5,Loading+Error+Empty,localStorage,aiec.deliveryConfirmQueue,1065
105,delivery-delay-alert,/delivery-delays,admin,Real (in-memory),20,Loading+Error+Empty,discloses-stand-in,,1453
106,stock-in-transit,/stock-in-transit,admin,Real (in-memory),16,Loading+Error+Empty,discloses-stand-in,,1294
107,delivery-sop-checklist,/delivery-sop,admin,Real (in-memory),14,Loading+Error+Empty,-,,1057
108,damaged-parts-report,/damaged-parts,admin+technician,Real (in-memory),22,Loading+Error+Empty,discloses-stand-in,,1566
109,delivery-partner-management,/delivery-partners,admin,Real (in-memory),26,Loading+Error+Empty,discloses-stand-in,,2636
110,delivery-analytics,/delivery-analytics,admin,Real (in-memory),12,Loading+Error+Empty,-,,1424
111,supplier-payment-approval,/supplier-payments,admin,Real (in-memory),23,Loading+Error+Empty,discloses-stand-in,,1410
112,milestone-payment-release,/supplier-payment-release,admin,Real (in-memory),16,Loading+Error+Empty,discloses-stand-in,,1279
113,supplier-invoice-matching,/supplier-invoices,admin+supplier,Real (in-memory),23,Loading+Error+Empty,discloses-stand-in,,1606
114,supplier-payment-schedule,/supplier-payment-schedule,admin,Real (in-memory),9,Loading+Error+Empty,-,,896
115,supplier-payment-history,/supplier-payment-history,admin+supplier,Real (in-memory),30,Loading+Error+Empty,discloses-stand-in,,1454
116,tax-gst-compliance,/gst-compliance,admin,Real (in-memory),16,Loading+Error+Empty,discloses-stand-in,,1319
117,supplier-dispute-resolution,/supplier-disputes,admin,Real (in-memory),31,Loading+Error+Empty,discloses-stand-in,,1620
118,advance-payment-retention,/advance-retention,admin,Real (in-memory),26,Loading+Error+Empty,discloses-stand-in,,1321
119,supplier-payment-analytics,/supplier-payment-analytics,admin,Real (in-memory),12,Loading+Error+Empty,-,,1519
120,auto-reconciliation,/reconciliation,admin,Real (in-memory),12,Loading+Error+Empty,discloses-stand-in,,1320
121,technician-home,/technician,technician,Real (in-memory),9,Loading+Error+Empty,localStorage,aiec.technicianLastSyncedAt,958
122,job-detail-site-info,/technician/jobs/:jobId,technician,Real (in-memory),1,Loading+Error+Empty,-,,1046
123,installation-sop-checklist,/technician/jobs/:jobId/sop,technician,Real (in-memory),4,Loading+Error+Empty,-,,969
124,photo-video-evidence-capture,/technician/jobs/:jobId/evidence,technician,Real (in-memory),7,Loading+Error+Empty,-,,1596
125,technician-checkin-checkout,/technician/jobs/:jobId/checkin,technician,Real (in-memory),9,Loading+Error+Empty,localStorage,,1451
126,safety-compliance-checklist,/safety-checklist/:jobId,technician+admin,Real (in-memory),26,Loading+Error+Empty,localStorage,,2027
127,issue-blocker-reporting,/job-issues/:jobId?,technician+admin,Real (in-memory),21,Loading+Error+Empty,localStorage,,1868
128,material-usage-logging,/material-usage/:jobId?,technician+admin,Real (in-memory),16,Loading+Error+Empty,localStorage,,1881
129,installation-progress-timeline,/installation-timeline/:jobId?,technician+admin+customer,Real (in-memory),5,Loading+Error+Empty,localStorage,,1113
130,technician-team-coordination,/job-team/:jobId?,technician+admin,Real (in-memory),26,Loading+Error+Empty,localStorage;discloses-stand-in,,1709
131,qc-inspector-assignment,/qc-assignments/:jobId?,technician+admin,Real (in-memory),22,Loading+Error+Empty,localStorage,,1763
132,qc-mechanical-checklist,/qc-mechanical/:jobId?,technician+admin,Real (in-memory),20,Loading+Error+Empty,localStorage;discloses-stand-in,,1153
133,qc-electrical-safety-checklist,/qc-electrical/:jobId?,technician+admin,Real (in-memory),12,Loading+Error+Empty,localStorage;discloses-stand-in,,1160
134,compliance-certification,/compliance/:jobId?,technician+admin,Real (in-memory),12,Loading+Error+Empty,-,,1418
135,defect-snag-list,/snags/:jobId?,technician+admin,Real (in-memory),25,Loading+Error+Empty,discloses-stand-in,,1521
136,rework-assignment,/rework/:snagId?,technician+admin,Real (in-memory),19,Loading+Error+Empty,localStorage,,1345
137,final-handover-checklist,/handover-checklist/:jobId?,technician+admin,Real (in-memory),15,Loading+Error+Empty,-,,826
138,customer-handover-walkthrough,/handover-walkthrough/:jobId?,technician+admin+customer,Real (in-memory),23,Loading+Error+Empty,localStorage;discloses-stand-in,,1687
139,warranty-amc-registration,/warranty/:jobId?,admin+customer,Real (in-memory),11,Loading+Error+Empty,localStorage;discloses-stand-in,,1014
140,handover-completion-certificate,/handover-certificate/:jobId?,admin+customer,Real (in-memory),8,Loading+Error+Empty,localStorage;discloses-stand-in,,1433
141,recruitment-landing,/join,public,Real (in-memory),9,Loading+Error,localStorage,aiec.recruitDraft aiec.recruitSource,890
142,applicant-data-form,/apply/:applicationId,public,Real (in-memory),11,Loading+Error+Empty,localStorage;discloses-stand-in,,1485
143,applicant-screening,/screening,admin,Real (in-memory),22,Loading+Error+Empty,discloses-stand-in,,1595
144,interview-scheduling,/interview/:applicationId,public,Real (in-memory),31,Loading+Error+Empty,localStorage;discloses-stand-in,,1839
145,background-verification,/verification/:applicationId?,admin,Real (in-memory),17,Loading+Error+Empty,discloses-stand-in,,992
146,offer-agreement,/agreement/:applicationId,public,Real (in-memory),30,Loading+Error+Empty,localStorage;discloses-stand-in,,1782
147,recruitment-dashboard,/recruitment,admin,Real (in-memory),10,Loading+Error+Empty,discloses-stand-in,,802
148,partner-tier-assignment,/partner-tiers/:partnerId?,admin,Real (in-memory),22,Loading+Error+Empty,localStorage;discloses-stand-in,,1766
149,partner-directory,/partner-directory,admin,Real (in-memory),14,Loading+Error+Empty,discloses-stand-in,,1023
150,partner-exit,/partner-exit/:partnerId?,admin,Real (in-memory),25,Loading+Error+Empty,localStorage;discloses-stand-in,,1840
151,training-library,/training,surveyor+technician+supplier,Real (in-memory),14,Loading+Error+Empty,localStorage;discloses-stand-in,,1025
152,lesson-player,/training/:moduleId,surveyor+technician+supplier,Real (in-memory),14,Loading+Error+Empty,discloses-stand-in,,1833
153,sop-document-repository,/sops/:docId?,technician+admin,Real (in-memory),20,Loading+Error+Empty,discloses-stand-in,,1377
154,quiz-certification-test,/assessment/:moduleId?,surveyor+technician+supplier+admin,Real (in-memory),12,Loading+Error+Empty,discloses-stand-in,,1648
155,certification-badges,/certifications,surveyor+technician+supplier,Real (in-memory),5,Loading+Error+Empty,discloses-stand-in,,742
156,refresher-reminders,/refreshers,admin+surveyor+technician,Real (in-memory),15,Loading+Error+Empty,discloses-stand-in,,992
157,skill-matrix,/skill-matrix,admin,Real (in-memory),6,Loading+Error+Empty,discloses-stand-in,,1027
158,training-compliance,/training-compliance,admin,Real (in-memory),15,Loading+Error+Empty,discloses-stand-in,,1442
159,sop-rollout,/sop-rollouts/:rolloutId?,admin+technician+surveyor+supplier,Real (in-memory),22,Loading+Error+Empty,localStorage;discloses-stand-in,,1387
160,training-feedback,/training-feedback/:moduleId?,admin+surveyor+technician+supplier,Real (in-memory),16,Loading+Error+Empty,localStorage;discloses-stand-in,,1101
161,commission-rules,/commission-rules,admin,Real (in-memory),12,Loading+Error+Empty,discloses-stand-in,,1605
162,payout-tracker,/payout-tracker,admin,Real (in-memory),17,Loading+Error+Empty,discloses-stand-in,,1232
163,payout-approval,/payout-approval,admin,Real (in-memory),21,Loading+Error+Empty,discloses-stand-in,,1332
164,payout-disbursement,/payout-disbursement,admin,Real (in-memory),28,Loading+Error+Empty,discloses-stand-in,,1987
165,rewards-leaderboard,/rewards-leaderboard,surveyor+technician+admin,Real (in-memory),4,Loading+Error+Empty,discloses-stand-in,,997
166,badges-milestones,/badges,surveyor+technician,Real (in-memory),6,Loading+Error+Empty,localStorage;discloses-stand-in,,1127
167,contest-setup,/contest-setup,admin,Real (in-memory),17,Loading+Error+Empty,localStorage;discloses-stand-in,,1353
168,payout-history,/payout-history,surveyor+technician+supplier,Real (in-memory),17,Loading+Error+Empty,discloses-stand-in,,1349
169,tds-statement,/tds-statement,surveyor+technician+supplier+admin,Real (in-memory),17,Loading+Error,discloses-stand-in,,1381
170,payout-dispute,/payout-dispute,surveyor+technician+supplier+admin,Real (in-memory),34,Loading+Error+Empty,localStorage;discloses-stand-in,,2033
171,customer-home,/customer,customer,Real (in-memory),5,Loading+Error+Empty,localStorage,,880
172,project-status-tracker,/project-status,customer,Real (in-memory),7,Loading+Error+Empty,localStorage,,765
173,document-vault,/documents,customer,Real (in-memory),13,Loading+Error+Empty,localStorage;discloses-stand-in,,1184
174,customer-payments,/my-payments,customer,Real (in-memory),5,Loading+Error+Empty,localStorage;discloses-stand-in,,944
175,service-tickets,/service-requests/:ticketId?,customer+admin+technician,Real (in-memory),43,Loading+Error+Empty,localStorage;discloses-stand-in,,2673
176,support-chat,/support-chat/:conversationId?,customer+admin,Real (in-memory),14,Loading+Error+Empty,localStorage;discloses-stand-in,,1139
177,feedback-rating,/feedback/:feedbackId?,customer+admin,Real (in-memory),18,Loading+Error+Empty,localStorage;discloses-stand-in,,1039
178,maintenance-booking,/maintenance/:ticketId?,customer,Real (in-memory),17,Loading+Error+Empty,localStorage;discloses-stand-in,,1062
179,referral-program,/referrals,customer,Real (in-memory),12,Loading+Error+Empty,localStorage;discloses-stand-in,,1008
180,notification-center,/notifications,customer,Real (in-memory),14,Loading+Error+Empty,localStorage;discloses-stand-in,,1173
181,automation-rules-dashboard,/automation-rules,admin,Real (in-memory),11,Loading+Error+Empty,localStorage;discloses-stand-in,,1039
182,workflow-trigger-builder,/workflow-rules/:ruleId?,admin,Real (in-memory),19,Loading+Error+Empty,localStorage;discloses-stand-in,,1969
183,notification-settings,/notification-settings,admin,Real (in-memory),12,Loading+Error+Empty,discloses-stand-in,,879
184,escalation-matrix,/escalation-matrix,admin,Real (in-memory),20,Loading+Error+Empty,discloses-stand-in,,1621
185,sla-monitor,/sla-monitor,admin,Real (in-memory),3,Loading+Error+Empty,discloses-stand-in,,773
186,system-health,/system-health,admin,Real (in-memory),13,Loading+Error+Empty,discloses-stand-in,,965
187,automation-audit-log,/audit-log,admin,Real (in-memory),7,Loading+Error+Empty,-,,723
188,manual-override-console,/override-console,admin,Real (in-memory),10,Loading+Error+Empty,localStorage;discloses-stand-in,,1054
189,integration-management,/integrations,admin,Real (in-memory),15,Loading+Error,discloses-stand-in,,923
190,automation-sandbox,/automation-sandbox,admin,Real (in-memory),18,Loading+Error+Empty,localStorage;discloses-stand-in,,1451
191,company-profile-branding,/company-profile,admin,Real (in-memory),16,Loading+Error,localStorage;discloses-stand-in,aiec.brandDraft,1564
192,user-role-permissions,/access-control,admin,Real (in-memory),29,Loading+Error+Empty,discloses-stand-in,,1455
193,single-person-monitor,/monitor,admin,Real (in-memory),15,Loading+Error,discloses-stand-in,,1504
194,data-privacy-consent,/privacy,admin,Real (in-memory),38,Loading+Error+Empty,discloses-stand-in,,2017
195,security-session-management,/security,admin,Real (in-memory),40,Loading+Error+Empty,localStorage;discloses-stand-in,,2836
196,backup-data-export,/backups,admin,Real (in-memory),22,Loading+Error+Empty,localStorage;discloses-stand-in,aiec.exportDraft,1731
197,subscription-billing,/billing,admin,Real (in-memory),20,Loading+Error,discloses-stand-in,,1511
198,legal-templates,/legal-templates,admin,Real (in-memory),18,Loading+Error+Empty,discloses-stand-in,,1883
199,help-faq-support,/help,admin+surveyor+technician+customer+supplier,Real (in-memory),28,Loading+Error+Empty,discloses-stand-in,,1623
200,app-version-feedback,/app-info,admin+surveyor+technician+customer+supplier,Real (in-memory),20,Loading+Error+Empty,localStorage;discloses-stand-in,aiec.appVersion aiec.updateCheckedAt,1461
